patient_id,first_name,last_name,gender,birth_date,phone,email,city
P001,Jerry,Sutton,Male,1960-05-09,001-210-950-7993x75077,asmith@gmail.com,Wendychester
P002,James,Garcia,Male,1956-05-14,5536402416,leroyjoyce@walker.com,Fullerport
P003,Gregory,Moore,Female,1972-09-08,023.743.0148,qmckinney@hotmail.com,Port Tracymouth
P004,William,Graham,Female,1992-06-20,(817)350-2042x0306,veronicasmith@hotmail.com,Sandrafort
P005,Karen,Lewis,Female,1994-12-08,120-868-3326x13524,frodriguez@hotmail.com,Lake Travis
P006,Matthew,Brown,Male,1964-05-03,6690236996,rickeypotter@sanchez.com,Gomezton
P007,Edward,Johnson,Male,1971-08-16,001-697-608-5607x948,keith73@small-taylor.biz,Fullerton
P008,Debbie,Chavez,Male,1955-08-22,0758038165,donaldlee@gmail.com,Codyfort
P009,Bridget,Oneill,Male,1989-05-12,301-315-6348x80788,romerobriana@yahoo.com,East Leslie
P010,Judith,Pitts,Female,1968-10-07,001-195-674-6058,eolson@yahoo.com,Mosleymouth
P011,Stacy,Alvarez,Male,2004-06-28,+1-285-598-6897x510,dalebell@gmail.com,Kevinberg
P012,Kyle,Parrish,Female,1949-05-19,(995)933-1610x725,jeremy93@gmail.com,Williamsville
P013,Matthew,Mcclure,Male,1962-09-10,748-461-9701x0346,omarpeters@yahoo.com,New Melissaberg
P014,Elizabeth,Holt,Male,1982-11-20,001-048-727-1295x64607,gonzalesdavid@hotmail.com,Martinezside
P015,Sara,Villanueva,Female,2002-08-11,(975)488-4064,wilsonmichael@gmail.com,Lake Ann
P016,Seth,Davis,Female,1994-04-11,001-799-066-7297x25446,smithcarla@valenzuela.org,East Justinside
P017,James,Peterson,Male,1998-09-30,7737230626,fpayne@gmail.com,Davidfurt
P018,Jeffery,Martinez,Female,1954-10-12,+1-139-277-2912x9092,justinkelly@hotmail.com,Port Christina
P019,Stephanie,Martin,Female,1973-04-02,001-351-492-0680x308,morrispatrick@gmail.com,New Theresaport
P020,Dawn,Mills,Female,1956-02-28,(108)883-8981,karenrobinson@fowler.biz,South Tylerstad
P021,Cheryl,Page,Female,1999-04-11,858.645.8646x1784,uruiz@riley-barnes.com,Mejiabury
P022,Michelle,Gonzalez,Female,1999-02-02,466.993.8917x099,jenkinsevan@gmail.com,Ramirezville
P023,John,French,Female,1996-05-13,+1-437-397-8324,stephaniebryan@bond.com,Port Keithhaven
P024,Jeremy,Gonzalez,Male,1946-11-24,151.604.7381x872,tamarahernandez@yahoo.com,Aprilview
P025,Nicole,Jimenez,Female,1971-10-27,110-823-8662x454,gabriel82@gmail.com,New Johnshire
P026,Edward,Martin,Male,1968-04-22,+1-060-727-5920x135,hwalker@gmail.com,Port Michael
P027,Brenda,Walls,Female,1976-06-20,(448)452-5094x65572,greencolleen@gmail.com,Port Patty
P028,Denise,Watson,Female,1961-06-05,588.570.0941x250,edwin47@gmail.com,Kimberlyburgh
P029,Steven,Roberson,Male,1965-01-10,(715)717-3694,christinacarney@whitney-estrada.com,Hayschester
P030,Melissa,Jacobson,Female,1984-09-02,495.445.0400,davisstacy@cooke.com,New Michael
P031,Richard,Taylor,Male,1953-01-29,891.228.6946,evan52@henderson.org,Port Laurenborough
P032,Jacob,Wilcox,Male,2003-02-13,2259225220,kallen@douglas.biz,Lake Tinaberg
P033,Luke,Owens,Male,1947-11-03,240.070.0265x2835,rodriguezpatricia@yahoo.com,Rogersstad
P034,Anne,Griffith,Male,1980-04-08,(640)007-7265x365,joliver@yahoo.com,Lake Robert
P035,Brandon,Aguilar,Female,1955-05-21,(038)909-9451x69277,coxpatricia@owens.com,Brownfurt
P036,Kevin,Brown,Male,1967-01-28,(477)468-5613x6374,timmoore@yahoo.com,Taraview
P037,Brandon,Smith,Male,1948-05-09,001-020-424-8978x90005,ohatfield@hotmail.com,Lake Lindseymouth
P038,Antonio,Phillips,Male,1965-11-07,658.638.8610,wardjustin@hotmail.com,West Jessicaton
P039,Sarah,Williams,Female,1949-01-05,+1-876-282-0703x1726,asummers@hotmail.com,Port Amyburgh
P040,Mark,Lynch,Female,2000-04-19,(043)059-2279x8010,graygregory@martinez-johnson.org,New Brianna
P041,Max,Chambers,Female,2004-03-29,977.179.1447,jonesjudy@zavala.com,West Claytonstad
P042,John,Sanchez,Male,1959-05-04,995.068.0844,simmonsdebbie@gmail.com,Carsonville
P043,Ebony,Lane,Male,1979-06-21,+1-571-696-3676x32084,omorris@rowe.com,Lake Christina
P044,Scott,Williams,Male,1967-11-09,544.634.2620x056,jeffrey28@davis.com,East John
P045,John,Daniel,Female,1988-06-28,(450)872-1855x89684,kevin45@oliver.com,Martinburgh
P046,Michael,Walker,Female,1965-09-17,2902126414,evan89@reilly.info,Lake Joseph
P047,Thomas,Howell,Female,1970-02-23,2289583335,ralvarado@morris-espinoza.org,Lake Sarah
P048,Carl,Houston,Female,1971-01-27,001-090-078-2333x06103,ipage@gmail.com,Sloanshire
P049,Haley,Mccoy,Female,1983-02-28,120-889-4790,ballstephanie@norris.com,Port Mirandastad
P050,Jonathon,Lopez,Female,1971-05-11,612-300-4434,wrightanna@mejia.com,Lake Matthew
